"","id","publish","title","viewCount","likeCount","dislikeCount","commentCount"
"1","hyFv8n7tS3U","2017-09-09T10:25:11.000Z","【マインクラフト】Part102 - 伝説の翼エリトラなら超高い所からでも飛べるはず！？【セイキン夫婦のマイクラ / セイキンゲームズ】",854099,5373,667,1231
"2","IJIhPH7Isvs","2017-08-16T07:00:00.000Z","【マインクラフト】Part101 - 伝説の翼エリトラを探しにエンドシティへ行ったら知識無さすぎて色々大変だったww【セイキン夫婦のマイクラ / セイキンゲームズ】",1057321,6934,893,3356
"3","OvRNvPE4qSc","2017-07-28T09:00:01.000Z","ポンちゃん、白黒つけようか。",660884,4677,325,625
"4","qz2ZQv2HGBo","2017-07-22T06:44:43.000Z","セイキン、スプラトゥーン2デビューするも前作からのブランクで全ての操作方法忘れるwww【Splatoon2】",632676,3353,626,1132
"5","Pm4qzlQqP7o","2017-06-23T09:36:20.000Z","【ファイトリーグ】スタートアップガチャ30連でいきなり確定演出 ！？【セイキンゲームズ】",242917,1169,212,299
"6","9ELH0Zxyg_8","2017-06-10T08:47:52.000Z","【マインクラフト】Part100 - エンタ゛ート゛ラコ゛ン VS セイキン夫婦【セイキンゲームズ】",1684559,8106,1063,2071
"7","6BqfxF9uDyY","2017-05-21T08:05:34.000Z","【マインクラフト】幻のPart98！新たなペット飼おうとしたら大変過ぎた・・・【セイキンゲームズ / セイキン夫婦のマイクラ】",949864,4691,628,1388
"8","XPWOFGy_Htg","2017-05-18T12:40:58.000Z","【マリオカート8 デラックス】世界の舞台で優勝したい！【セイキンゲームズ / セイキン&ポンちゃん】",357100,2061,217,725
"9","o5qfUPewfpI","2017-05-18T07:24:18.000Z","【マインクラフト】Part99 - エンダードラゴンとの戦いに向けて最終準備！【セイキン夫婦のマイクラ / セイキンゲームズ】",1150307,9223,622,1647
"10","Bqc-GXTmwQs","2017-05-13T07:17:19.000Z","【マリオカート8 デラックス】スペシャルカップでハチャメチャレースww【セイキンゲームズ / セイキン&ポンちゃん】",497919,2321,304,987
"11","R-BZWru3i9w","2017-05-11T08:58:13.000Z","【マリオカート8 デラックス】ドリフト&ジャンプアクション練習してたら空中で激突しました。【セイキンゲームズ / セイキン&ポンちゃん】",720266,2922,454,873
"12","F6vzFsgE3yk","2017-05-06T06:12:40.000Z","【マリオカート8 デラックス】世界を相手にレースした結果【SeikinGames / セイキン&ポンちゃん】",853076,3374,841,1266
"13","3cu7AZBpVhU","2017-04-30T09:04:19.000Z","【マリオカート8 デラックス】フラワーカップで優勝を目指す！【SeikinGames / セイキン&ポンちゃん】",960325,3212,459,1033
"14","47BCJjWsbCg","2017-04-29T05:30:36.000Z","【マリオカート8 デラックス】初プレイ！ポンちゃんがウマすぎるww【SeikinGames / セイキン&ポンちゃん】",1341499,5490,1040,1551
"15","6FC7x-ZcAfc","2017-04-28T09:00:00.000Z","調子に乗って知らない人とオセロで勝負した結果・・・",319146,1364,177,192
"16","SU-hPh-R0tg","2017-04-07T06:00:01.000Z","【マインクラフト】Part97 - PS4版アップデート！新ゲーム「グライド」エリトラレース！【セイキン夫婦のマイクラ】",1415089,4984,663,1538
"17","2mA8yMkSs54","2017-04-02T11:31:59.000Z","【モンスト】ヒカキン&セイキンで爆絶蓬莱に挑んだら・・・【SeikinGames / セイキンゲームズ】",1134230,4417,884,1197
"18","lONDmun9z-M","2017-04-01T07:00:40.000Z","【モンスト】爆絶「黄泉」倒してやるぜ！！【SeikinGames / セイキンゲームズ】",285784,1661,501,863
"19","en933uo7yhM","2017-03-31T09:14:35.000Z","【モンスト】超獣神祭10連！う、運が良すぎる・・・感謝。【SeikinGames / セイキンゲームズ】",619386,3402,1109,1342
"20","4FKWzBrI2kM","2017-03-29T11:25:03.000Z","【モンスト】モン玉ガチャ！レベル3で引きます！！【SeikinGames / セイキンゲームズ】",506913,2542,404,509
"21","N83mtls-dqo","2017-03-25T10:35:13.000Z","【マインクラフト】Part96 - 散らかっているので整理整頓します。【セイキン夫婦のマイクラ / セイキンゲームズ】",1276944,4716,624,1207
"22","27xPgofRyJU","2017-03-20T10:37:03.000Z","【モンスト】超絶カルマ VS セイキン【SeikinGames / セイキンゲームズ】",246624,1464,321,593
"23","LTNKdPgQpd0","2017-03-19T07:59:30.000Z","【マインクラフト】Part95 - ついに家を増築します！【セイキン夫婦のマイクラ / セイキンケ゛ームス゛】",1179856,4853,609,1685
"24","AMB8m_R1_bA","2017-03-12T07:00:00.000Z","【マインクラフト】Part94 - ついに帯電クリーパー出現！クリーパーの頭を手に入れるぞ！！【セイキン夫婦のマイクラ / セイキンゲームズ】",1008188,4347,400,908
"25","MQYlLWdWN44","2017-03-04T10:15:32.000Z","【マインクラフト】Part93 - 天空高くに帯電クリーパータワー建設！！【セイキン夫婦のマイクラ / セイキンゲームズ】",1176937,4257,631,1015
"26","Ox8sroTc1G0","2017-03-01T08:47:45.000Z","【モンスト】超獣神祭10連で引いたら奇跡おきた。【セイキンゲームズ】",1135505,5248,1952,1015
"27","FGXeYC4UUEk","2017-03-01T09:00:01.000Z","ゲーム内でセイキン見つけた人に直筆サインプレゼント！？",97858,732,51,151
"28","J9WMW5Bjdr0","2017-02-18T06:12:21.000Z","【マインクラフト】Part92 - 失敗したら経験値ゼロ！超高い所から飛び降りてエンダーパールで無事着地できるのかやってみたw【セイキン夫婦のマイクラ】【セイキンゲームズ】",1270611,4888,552,1124
"29","xAqCDdeGa94","2017-02-14T06:51:16.000Z","【マインクラフト】Part91 - エンダーチェストの使い方が分からない・・・【セイキン夫婦のマイクラ】【セイキンゲームズ】",966846,3848,518,1361
"30","_hN3EoiVdXY","2017-02-10T07:00:01.000Z","【青鬼2 最終回】Part11 - 大量の青鬼軍団 VS セイキン 逃げ切るしか道はない。セイキンの実況プレイ！【セイキンゲームズ】",1510902,2721,684,427
"31","T1YJh_gI4-8","2017-02-09T09:59:32.000Z","【青鬼2】Part10 - え？チャイム鳴らしたら青鬼2人になったんだけど・・・セイキンの実況プレイ！【セイキンゲームズ】",934448,1924,376,466
"32","XxVsmBUlJr0","2017-02-03T12:15:01.000Z","【モンスト】急いで帰宅して最終日の4000万人記念ガチャを引いた結果【セイキンゲームズ】",339950,1810,222,1010
"33","78OBgnTVuBs","2017-02-02T07:00:00.000Z","【モンスト】4000万人記念ガチャ3日目ぇぇえ！！【セイキンゲームズ】",263983,1344,142,347
"34","5Y3Xp34IKlA","2017-02-01T10:03:20.000Z","【モンスト】超獣神祭10連でポンちゃんが★5連発！？【セイキンゲームズ】",513795,2476,345,586
"35","vdKFf2Pved0","2017-02-01T09:09:52.000Z","【モンスト】超獣神祭10連で巻き戻しの確定演出！パンドラの時と同じなんだけど・・・【セイキンゲームズ】",786886,3455,659,735
"36","c19MW0KZ_44","2017-01-31T12:16:28.000Z","【モンスト】4000万人記念ガチャ1日目に大きな勘違いをしていた男【セイキンゲームズ】",535971,2758,577,741
"37","vyGKJ2jauGU","2017-01-25T11:09:37.000Z","【マインクラフト】Part90 - 初めてのスケルトンホース誕生にマシ゛て゛ヒ゛ヒ゛る二人【セイキン夫婦のマイクラ】【セイキンケ゛ームス゛】",973406,3228,234,1232
"38","GdpimyYQIJU","2017-01-27T09:00:00.000Z","フェアリーテイルコラボガチャ20連！！【ポコロンダンジョンズ】【セイキンゲームズ】",220480,681,111,218
"39","fGd8yaYYLiE","2017-01-22T06:00:13.000Z","【マインクラフト】Part89 - アイアンコ゛ーレムトラッフ゜作って鉄を無限生成！【セイキン夫婦のマイクラ】",2088247,7053,934,2100
"40","QutSFrOkNC8","2017-01-21T11:43:32.000Z","【青鬼2】Part9 - こっち入って来ないよね？セイキンの実況プレイ！【セイキンゲームズ】",1316959,1828,394,471
"41","QUndfvTuelI","2017-01-20T10:26:07.000Z","【青鬼2】Part8 - 大量の青鬼発生！オワタ＼(^o^)／セイキンの実況プレイ！【セイキンゲームズ】",1881189,2677,569,538
"42","43gkp2RMMrM","2017-01-18T08:00:00.000Z","【青鬼2】Part7 - た、たけし・・・セイキンの実況プレイ！【セイキンゲームズ】",699567,1293,164,223
"43","X8H31Xek0PM","2017-01-11T10:01:26.000Z","【青鬼2】Part6 - セイキンの実況プレイ！【セイキンゲームズ】",289762,993,82,265
"44","8Fwa-GcW4iY","2017-01-09T07:00:30.000Z","【青鬼2】Part5 - セイキンの実況プレイ！【セイキンゲームズ】",273705,1171,121,417
"45","BVNaz1qnGr8","2017-01-06T13:25:29.000Z","【青鬼2】Part4 - み、美香が喰われるだと!?セイキンの実況プレイ！【セイキンゲームズ】",334894,1400,106,355
"46","4s5fCsxcQC0","2017-01-02T09:20:26.000Z","【奇跡】パパパパパンドラなのか！？新春！超獣神祭10連でまさかの確定演出！【セイキンゲームズ】【モンスト】",1627785,8523,2625,2060
"47","UIM2BdFC6AA","2017-01-01T09:10:51.000Z","【モンスト】新春！超獣神祭10連ガチャでまさかのパンドラ！！？？【セイキン、ヒカキン、ジジキン】",986424,4710,657,1054
"48","Yj-9Uz9SB-o","2016-12-29T07:00:22.000Z","【青鬼2】Part3 - なんだあのヒゲ鬼は!?wwセイキンの実況プレイ！【セイキンゲームズ】",661155,1814,217,793
"49","X5jnuMGHgwQ","2016-12-26T09:43:16.000Z","【青鬼2】セイキンの実況プレイ！青鬼2 - Part2【セイキンゲームズ】",410323,1622,130,586
"50","EYbl3rw1QRM","2016-12-25T06:08:54.000Z","【マインクラフト】Part88 - PS4版超大型アッフ゜テ゛ート！新たな敵との戦い。【セイキン&ポン】",1466724,3634,380,1376
"51","msjk9rChPE4","2016-12-23T08:00:03.000Z","【青鬼2】セイキンの実況プレイ！青鬼2 - Part1【セイキンゲームズ】",1009997,3199,307,710
"52","jGVRSfk2lg4","2016-12-18T07:00:01.000Z","【マインクラフト】Part87 - シロクマか゛全然見つからない。。。【セイキン&ホ゜ン】【セイキンケ゛ームス゛】",925625,3145,271,1435
"53","BairBk4D27Y","2016-12-16T04:00:21.000Z","【新作】スーパーマリオランやってみた！【セイキンゲームズ】【SUPER MARIO RUN】",916866,2381,373,659
"54","XHhE-aryGcQ","2016-12-11T05:57:08.000Z","【モンスト / 超絶】ツクヨミ零に大ダメージ！！初勝利なるか！？【ヒカキン&セイキン】【セイキンゲームズ】",1520841,4273,734,1174
"55","paYISYQxvJw","2016-12-08T10:10:08.000Z","【マインクラフト】Part86 - ついに海底神殿水抜き完了！トロッコて゛家とつなき゛ます！【セイキン&ポン】【セイキンゲームズ】",1475094,4823,384,1667
"56","u7Mm4x_G7LQ","2016-12-09T09:00:02.000Z","【兄弟対決】ヒカキン VS セイキン！エレスト初心者同士でバトルするとこうなるwww【エレメンタルストーリー】",185247,678,77,152
"57","F8TnNsqrQ0o","2016-11-30T10:12:13.000Z","【モンスト】超獣神祭でオーブ130コ投入！そして確定演出であのキャラが！！！【SeikinGames / セイキンゲームズ】",1258635,4636,1193,1801
"58","M9SuywbTGvw","2016-11-21T07:00:00.000Z","【マインクラフト】新バトルマップでポンちゃん大活躍！？【セイキン&ポン】",2493613,4241,789,1254
"59","xITaR80K24I","2016-11-13T10:00:02.000Z","【マインクラフト】Part85 - 地下要塞内部探検！ついにエンドポータル発見！！【セイキン&ポン】",1776956,4152,403,1123
"60","PTygZpi9wNI","2016-11-18T09:00:01.000Z","初めての10連ガチャでまさかの神引き！？【ダンジョンストライカーG】",268845,606,76,104
"61","tSwD2smrZoI","2016-11-07T10:53:37.000Z","【マインクラフト】Part84 - エンダーアイを投げて地下要塞探しの旅に出ます！【セイキン&ポン】",1319338,4071,402,1296
"62","Z_vbSY9q2QU","2016-10-30T10:03:07.000Z","【マインクラフト】Part83 - 最強兵器TNTキャノン作ってその破壊力を試すはずが・・・【セイキン&ポン】",1746724,4168,457,1673
"63","nOPymyu-8Rg","2016-10-11T08:27:14.000Z","【モンスト】3周年爆絶感謝ガチャでまさかの確定演出！！ウリエルなのか！！？？【神引き】【SeikinGames / セイキンゲームズ】",2258886,8136,2260,2606
"64","SM5_TtQ50Qo","2016-10-09T07:48:33.000Z","【マインクラフト】Part82 - PS4版アップデート！中国神話ワールドがスゴすぎる！【セイキン&ポン】",2172101,4608,507,1430
"65","THSYB2h17Tg","2016-10-02T10:07:53.000Z","【モンスト】超獣神祭オーブ100個でスゴイことに・・・【SeikinGames / セイキンゲームズ】",1446137,4442,1308,2268
"66","TSojObTlDMU","2016-10-01T06:19:59.000Z","【マインクラフト】Part81 - シ゛ェットコースター建設しました！【セイキン&ポン】【セイキンゲームズ】",2440181,6234,627,1749
"67","wcINk2ypazg","2016-09-20T11:06:46.000Z","【マインクラフト】Part80 - 大巨人ポン、現る!!!【セイキン&ポン】",2675874,6217,614,1555
"68","MCIFVfhcgPU","2016-09-18T09:54:53.000Z","【モンスト】マベツムコラボガチャでスパイダーマン狙ったらまさかの！？【SeikinGames / セイキンゲームズ】",552034,2228,401,717
"69","pjTH6-6nLjg","2016-09-14T10:06:58.000Z","【マインクラフト】Part79 - 村人の大移動て゛お店大繁盛！？【セイキン&ポン】",927679,3028,195,778
"70","49S7A0JnOGM","2016-09-11T08:16:33.000Z","【マインクラフト】Part78 - ポンちゃんのファッションショー！【セイキン&ポン】【リクエスト企画】",1294190,5387,397,1246
"71","loklvCuaLeM","2016-09-09T09:51:43.000Z","【マインクラフト】Part77 - 新作装置で羊が大暴走！【セイキン&ポン】",1063703,3016,309,819
"72","U83UaUSjBBE","2016-09-07T12:25:30.000Z","【マインクラフト】Part76 - 海底神殿の水抜き！【セイキン&ポン】",1552306,4427,437,1119
"73","Sf7ez8iZM7I","2016-09-06T10:45:58.000Z","【マインクラフト】Part75 - ついに海底神殿を発見！エルダーガーディアンに挑む！【セイキン&ポン】",975581,3282,300,1019
"74","W6Xmrxb8EQo","2016-09-04T03:00:01.000Z","【マインクラフト】PS4版アップデート！！新バトルやってみた！【セイキン&ポン】",2436066,4209,773,1395
"75","g3b6uVRRkQs","2016-09-01T14:23:58.000Z","【モンスト】超獣神祭10連！2016夏の終わりに最高の思い出を！！！【SeikinGames / セイキンゲームズ】",418071,2244,355,659
"76","kzUfzyStpzc","2016-09-01T10:30:40.000Z","【マインクラフト】Part74 - 家、リフォームします！【セイキン&ポン】",1774660,4915,469,1604
"77","TPMcjFE9ris","2016-08-30T11:54:57.000Z","【ストリートファイター】ベガ！？倒してやんよ！【SeikinGames / セイキンゲームズ】",325821,1010,107,245
"78","3ypMraJ51pY","2016-08-29T09:00:00.000Z","【ホラーゲーム】3D肝試しやったら肩が・・・【セイキンゲームズ】",514394,2224,183,929
"79","0pukh_kBQfE","2016-08-28T08:26:04.000Z","【マインクラフト】Part73 - 村人と交換！エメラルドを手に入れろ！【セイキン&ポン】",915619,2829,309,1685
"80","8Co6r-7yE6U","2016-08-27T08:00:01.000Z","セイキンを救うゲームが新登場！自分でやってみたw【SeikinGames / セイキンゲームズ】【You勇者】",1292661,2547,210,402
"81","5059tgQK4Yk","2016-08-21T06:00:01.000Z","【マインクラフト】Part72 - これがスライム空間！？【セイキン&ポン】",1859094,4451,445,1683
"82","w6CwRo1yUzg","2016-08-19T09:00:03.000Z","セイキン VS リアルユーザー　ガチバトル！【シャドウバース】",188334,779,273,380
"83","Fsdsb-7UlMs","2016-08-16T08:00:01.000Z","【マインクラフト】Part71 - スライムチャンクに大量のスライムが発生！！！【セイキン&ポン】",1440918,3525,331,1217
"84","OtLj2QS_TTs","2016-08-15T10:00:01.000Z","【マインクラフト】Part70 - スライムチャンクを作りたい。【セイキン&ポン】",1131556,3424,270,808
"85","_rrH1lFAxGk","2016-08-10T12:18:07.000Z","【マインクラフト】Part69 - 貴重なムーシュルームの繁殖に成功！？【セイキン&ポン】",788181,3031,158,1000
"86","MgzJv4MfWyo","2016-08-08T11:22:13.000Z","【マインクラフト】Part68 - 強くなるために広いサトウキビ畑を作る！【セイキン&ポン】",922093,3198,267,1168
"87","HKrCYiOBFio","2016-08-02T10:52:37.000Z","【マインクラフト】番外編 - お菓子の世界に行ってみた。【セイキン&ポン】",2369596,4881,588,1603
"88","jpfPUCg4XIY","2016-08-01T08:04:41.000Z","【モンスト】神回！超獣神祭10連カ゛チャて゛確定演出！すこ゛いことになった・・・【セイキンケ゛ームス゛】",1798806,8961,1941,3143
"89","UZm1N7EfXT0","2016-07-23T14:01:01.000Z","ポケモンGOでセイキンGO【Pokemon GO】",2825308,6870,1972,2783
"90","t_klzLUtluM","2016-07-21T06:00:01.000Z","【マインクラフト】Part67 - 音符フ゛ロックて゛ライフ゛してみた。【セイキン&ポン】",1309031,4182,478,1318
"91","oETtWjfWBw8","2016-07-19T11:28:17.000Z","【マインクラフト】ポンちゃんの首が回転し続けるバグ発生www【セイキン&ポン】",1385651,8476,303,1313
"92","qrUT901Tb40","2016-07-18T10:05:04.000Z","【マインクラフト】Part66 - 巨大流しそうめん？スライダー作ってみた！【セイキン&ポン】",2709692,6414,745,1766
"93","tRr8E-NLoxU","2016-07-18T04:46:36.000Z","【モンスト】ウルトラマンコラボガチャでまさかの確定演出！？【セイキンゲームズ】",819960,2903,611,1223
"94","yE9E4J4bOTk","2016-07-16T08:30:38.000Z","【モンスト】歌う、ミスる、そしてマッチショット！？ハ゛ルタン星人初見プレイ【ウルトラマンコラボ】【セイキンゲームズ】",631429,2061,439,735
"95","MT0IPETNIoE","2016-07-14T07:21:04.000Z","【マインクラフト】Part65 - ハワイでの結婚式再現してみた。【セイキン&ポン】",2027349,5772,704,1763
"96","VSVath3oLpI","2016-07-09T04:58:20.000Z","【マインクラフト】Part64 - ハ゛ンシ゛ーシ゛ャンフ゜やってみた！！！【セイキン&ポン】",2380951,5147,781,1697
"97","_r7sGURXcR0","2016-07-03T08:44:40.000Z","【マインクラフト】Part63 - 砂漠のピラミッドリベンジ！【セイキン&ポン】",1891462,3978,676,1482
"98","OcwJo9_6Q3U","2016-06-29T08:24:08.000Z","【マインクラフト】Part62 - バトルモードで優勝したい！！！【セイキン&ポン】",2551765,4064,811,1649
"99","npjae0tVj7Q","2016-06-24T07:00:01.000Z","【マインクラフト】ついにPS4版アッフ゜テ゛ート！初ハ゛トルやってみた！ホ゜ンちゃん画面あり♪【セイキン&ポン】",2430006,4285,1255,1909
"100","2JotK3zBd-4","2016-06-22T07:00:01.000Z","【マインクラフト】Part60 - 宝石屋はじめました。【セイキン&ポン】",2803728,5878,699,2099
"101","vh1NgDENoOo","2016-06-16T07:00:01.000Z","【マインクラフト】Part59 - 治癒のポーションでスケルトンの大群を一撃で倒す！【セイキン&ポン】",1402501,3300,387,1082
"102","0yI_dgYWTq8","2016-06-12T07:05:52.000Z","【マインクラフト】Part58 - 初めて村人ゾンビ治療してみた。【セイキン&ポン】",1390788,3479,302,874
"103","swtHLmb9OL0","2016-06-11T09:00:01.000Z","ついにヒカキン、はじめしゃちょーを倒すための巨大セイキンアバターが完成したぜ！！！",738454,1752,145,415
"104","bJQdYzMKXtI","2016-06-03T07:00:01.000Z","【マインクラフト】Part57 - 家にウール敷いていたらまさかの事態に！？【セイキン&ポン】",2759073,5325,873,1569
"105","7OLpBd5femw","2016-05-29T09:14:07.000Z","【マインクラフト】Part56 - 神社の頂上に神降臨！！！【セイキン&ポン】",1555140,4606,330,1336
"106","4KSai0Jh2rw","2016-05-29T08:00:00.000Z","【モンスト】金卵確定ガチャ最終日。ほとばしるエネルギーを見よ！！！【世界3500万人突破記念ガチャ】",319982,1120,156,404
"107","SNYU4Umx0Qk","2016-05-29T03:18:15.000Z","【モンスト】なに！？金卵確定カ゛チャ！？二日目からて゛十分た゛せ゛！【世界3500万人突破記念ガチャ】",291538,1140,135,792
"108","wYDXogqFbgM","2016-05-25T07:00:00.000Z","【マインクラフト】Part55 - ソ゛ンヒ゛の大群 VS ノックハ゛ックタ゛イヤモント゛剣【セイキン&ポン】",2021009,3890,489,988
"109","7micuf6ULiY","2016-05-21T09:00:00.000Z","はじめしゃちょー、ヒカキン、セイキンがまさかの大喧嘩！？",3001524,7950,908,1296
"110","layluhG_t-c","2016-05-19T07:00:01.000Z","【マインクラフト】Part54 - トイレ作ってみた。【セイキン&ポン】",1884379,3729,514,1720
"111","lPkK25cnSm8","2016-05-16T10:57:09.000Z","【マインクラフト】Part53 - ムーシュルーム移住させてみた！【雑談あり】【セイキン&ポン】",1059988,3089,234,1879
"112","aRtzwWjFBOk","2016-05-30T09:00:01.000Z","この5人で冒険に行きます。【ヒカキン×セイキン×はじめしゃちょー×ぐっち×じゃじゃーん菊池】【ドラゴンクエストモンスターズ　スーパーライト】",707889,1346,143,294
"113","BJ8O3xD-W1M","2016-05-14T11:00:11.000Z","【マインクラフト】Part52 - 無限雪玉製造機作ってみた！【セイキン&ポン】",1446089,3239,228,1089
"114","fZwdTffYs10","2016-05-13T07:00:00.000Z","【マインクラフト】Part51 - ネコ全種類飼いならせ！【セイキン&ポン】",1063414,2797,192,677
"115","mtDa1ToK04o","2016-05-10T11:39:07.000Z","【マインクラフト】Part50 - シルクタッチで原石集め！【セイキン&ポン】",2133544,4177,429,1532
"116","PT_QY4NMl9Y","2016-05-07T09:02:15.000Z","【マインクラフト】Part49 - 砂漠の寺院でまさかのハプニング・・・【セイキン&ポン】",1530549,4133,537,2936
"117","Mief0Q3C5bo","2016-05-04T07:00:00.000Z","【マインクラフト】Part48 - タ゛イヤ100個集めてフル装備＋エンチャントて゛無敵になる！【セイキン&ポン】",3049961,5300,722,2143
"118","wnbBJ2w14dM","2016-05-01T08:00:01.000Z","【マインクラフト】Part47 - 幸運のツルハシでダイヤモンド大量ゲット！【セイキン夫婦のマイクラ】",1843912,4137,480,2381
"119","TA3PeQh8RcI","2016-04-30T08:00:01.000Z","【マインクラフト】Part46 - 経験値トラッフ゜改良作戦！【セイキン&ポン】",1242371,3497,241,1698
"120","ClEE_SgAofc","2016-04-28T09:00:00.000Z","【初コラボ】瀬戸弘司 VS セイキン 進化したオセロで真剣勝負！【逆転オセロニア】",728357,3297,719,687
"121","3rFR42l77gA","2016-04-27T10:39:41.000Z","【マインクラフト】Part45 - スポナー式経験値トラップ作ってみた！【セイキン & ポン】",1822671,4205,540,1488
"122","6DFdICDoR5I","2016-04-23T08:44:06.000Z","【マインクラフト】Part44 - 初めてのメサ探検でまさかのアレを発見！！【セイキン夫婦のマイクラ】",1548776,3780,373,1217
"123","eFPFk7ckeaY","2016-04-23T09:00:01.000Z","【ドラクエ】セイキンのドラゴンクエストモンスターズ　スーパーライト！冒険スタート！【セイキンゲームズ】",197811,535,92,232
"124","UtngTRuo0zc","2016-04-21T09:10:45.000Z","【マインクラフト】Part43 -  洞窟へ繋か゛る地下室作ってみた！【セイキン夫婦のマイクラ】",2015313,4196,403,1156
"125","ON0Wg9_JSY0","2016-04-19T10:16:14.000Z","【マインクラフト】Part42 - 初めて寺院発見！探検してみよう！【セイキン夫婦のマイクラ】",1572283,3950,390,1297
"126","TrLFQ1g2O3c","2016-04-13T08:00:01.000Z","【マインクラフト】Part41 - マンガ喫茶作り！【セイキン夫婦のマイクラ】",1660280,4289,344,1486
"127","X-QSzGrDl-U","2016-04-09T11:29:40.000Z","【マインクラフト】Part40 - 花屋オープンしました！【セイキン夫婦のマイクラ】",1037371,3967,220,1412
"128","lhW4ff6EAP8","2016-04-06T12:08:35.000Z","【マインクラフト】Part39 - ウールを求めて白黒羊牧場作り！【セイキン夫婦のマイクラ】",1048481,3410,205,1744
"129","CnFpwupCYzk","2016-04-04T07:00:02.000Z","【マインクラフト】Part38 - 展望台作り中にまさかのポンちゃん落下事故！？【セイキン夫婦のマイクラ】",1947605,5372,413,2980
"130","9oeOAxQM680","2016-04-01T11:25:59.000Z","【モンスト】超獣神祭14連で大フィーバー！！？【セイキンゲームズ】",957641,4277,1215,1342
"131","rgVY_gCAfjA","2016-04-02T09:00:01.000Z","【マインクラフト】セイキン&ポンちゃんワールド完全再現！？みんな遊びに来てね！【セイキン夫婦のマイクラ】",2349031,4263,506,1178
"132","7dQzhZq7Xnc","2016-03-29T07:00:01.000Z","【マインクラフト】Part - 37 魔女と毒ポーション対決してみた！【セイキン夫婦のマイクラ】",1401805,3622,437,1997
"133","fkJwkto6xWY","2016-03-28T08:59:39.000Z","【マインクラフト】Part36 - 庭にネザーウォート畑作ってポーション作り！【セイキン夫婦のマイクラ】",1227567,3666,264,4308
"134","mUNXILdYfQU","2016-03-26T13:29:45.000Z","【マインクラフト】Part35 - TNT火薬て゛家を爆破してみた！【セイキン夫婦のマイクラ】",1930392,5080,614,5802
"135","veojpcKzp8I","2016-03-24T09:00:01.000Z","「YouTuberからの挑戦状」が激ムズな件・・・【星空ブランコ】",565437,1510,146,201
"136","dbMnwOsMXmM","2016-03-24T07:11:15.000Z","【マインクラフト】Part34 - 家に温泉作ろうとしたらまさかの大火事・・・【セイキン夫婦のマイクラ】",3772054,8242,1446,2869
"137","xxgOeP4oIbc","2016-03-20T13:23:26.000Z","【マインクラフト】Part33 - 噴水作ってみた！【セイキン夫婦のマイクラ】",1071178,3451,236,849
"138","cPmZYz9TTRo","2016-03-19T07:41:30.000Z","【マインクラフト】Part32 - マグマを使った焼却炉作り！【セイキン夫婦のマイクラ】",1552596,3677,339,1146
"139","ic4FC2vU2RI","2016-03-18T07:00:00.000Z","【マインクラフト】Part31 - おしゃれな街灯作ってみた！【セイキン夫婦のマイクラ】",988316,3391,269,838
"140","bbUXrueFqPU","2016-03-19T09:00:02.000Z","【ウチ姫】HIKAKINコラボクエストに挑戦！HIKAKIN & SEIKINが登場！【セイキンゲームズ】",470098,1284,146,266
"141","NhMyfPW_fsk","2016-03-15T08:00:30.000Z","【モンスト】セイキン夫婦の星5確定ガチャ！【セイキンゲームズ】",809894,2739,343,1318
"142","WwKyoa140Iw","2016-03-13T08:05:42.000Z","【マインクラフト】Part30 - フ゛ランチマイニンク゛でダイヤモンド探しバトル！【セイキン夫婦のマイクラ】",2046333,4788,463,1139
"143","-dTmQWJ3D20","2016-03-10T08:59:19.000Z","【マインクラフト】Part29 - 村人増殖計画！【セイキン夫婦のマイクラ】",1542663,3921,360,1162
"144","gFgRVMF6o9g","2016-03-07T08:00:01.000Z","【マインクラフト】Part28 - 馬牧場作り & 初めての乗馬！【セイキン夫婦のマイクラ】",1574790,3897,361,1839
"145","49jLNtdehbA","2016-03-05T11:14:28.000Z","【マインクラフト】Part27 - ネサ゛ー要塞でお宝探し！【セイキン夫婦のマイクラ】",975252,2756,268,803
"146","kYcwlJ_1Wfw","2016-03-03T08:45:50.000Z","【モンスト】クシナタ゛零に本気で挑む男【セイキンゲームズ】",860841,2332,413,639
"147","xlvdN41dPNE","2016-03-02T08:33:46.000Z","【モンスト】奥さんガチャ、ポン(超)獣神祭12連でレアキャラ祭り！？【セイキンゲームズ】",927303,3315,411,829
"148","GQOPBoaUqUE","2016-03-01T08:00:00.000Z","【モンスト】超獣神祭！これは！！？【セイキンゲームズ】",352529,2020,286,622
"149","QdutP5cBKm0","2016-02-28T08:00:00.000Z","【マインクラフト】Part26 - ついにネザー要塞発見！！！【セイキン夫婦のマイクラ】",1233392,3404,436,1489
"150","OGjb-EZnF0Y","2016-02-26T08:00:00.000Z","【マインクラフト】Part25 - ネサ゛ーでカ゛ストと決戦！！【セイキン夫婦のマイクラ】",1201241,3017,352,868
"151","ae2v_32xm48","2016-02-29T09:00:31.000Z","【グリムノーツ】20連ガチャであの超激レアキャラが！？【セイキンゲームズ】",222846,670,144,254
"152","uxM-K-Mj1k0","2016-02-22T11:13:18.000Z","【マインクラフト】Part24 - 何も知らない二人がネザー行くとこうなる。【セイキン夫婦のマイクラ】",1993393,5366,832,2593
"153","BmVwIFlQy5Y","2016-02-20T08:00:00.000Z","【モンスト】ストリートファイターVコラボガチャで銀→金の確定演出！！！ケンなのか！？【セイキンゲームズ】",2017884,6248,1339,839
"154","UEwvs5fYLO8","2016-02-19T14:10:40.000Z","【マインクラフト】Part23 - 花火の材料集めのはす゛か゛敵の集団に遭遇・・・【セイキン夫婦のマイクラ】",1306468,3654,321,1029
"155","AgWRCMBPqDs","2016-02-18T08:00:01.000Z","スターウォース゛／銀河の英雄 で激闘！【セイキンゲームズ】",230753,749,111,169
"156","-YeEXAvOhgg","2016-02-17T11:16:27.000Z","【マインクラフト】Part22 - 絶体絶命！マグマからの脱出！？【セイキン夫婦のマイクラ】",1405547,3765,421,933
"157","dLBJz0dAvLE","2016-02-13T06:32:35.000Z","【モンスト】クシナタ゛零(ゼロ)初見プレイ！！！【セイキンゲームズ】",476907,1862,404,770
"158","8PtspI-ax4c","2016-02-12T08:00:00.000Z","【モンスト】人生初！運極達成の瞬間！【セイキンゲームズ】",316907,1861,158,420
"159","0idDMRD9InM","2016-02-11T08:00:00.000Z","最新作「マーベル ツムツム」を先行プレイ！！！【セイキンゲームズ】",294010,1364,182,413
"160","SLEbx7Z8Rjg","2016-02-10T09:00:00.000Z","【マインクラフト】Part21 - まさかのマグマダイブ！？【セイキン夫婦のマイクラ】",1629460,4006,433,1097
"161","rtOE_JEC5c4","2016-02-08T11:29:22.000Z","【マインクラフト】Part20 - 家の裏の洞窟探検へ出発！【セイキン夫婦のマイクラ】",1124017,3716,312,938
"162","849pLrnNFAM","2016-02-07T07:00:00.000Z","【マインクラフト】Part19 - 猫とオオカミ連れて敵を挑発してみた！【セイキン夫婦のマイクラ】",1159312,3434,245,960
"163","bKY-viADMwM","2016-02-05T08:00:01.000Z","【マインクラフト】Part18 - ポンちゃんのケーキ屋完成！【セイキン夫婦のマイクラ】",1319744,3445,278,775
"164","XEE1Gyde8kw","2016-02-03T08:00:00.000Z","【セイキン夫婦のマイクラ】幻のPart16.5 - トロッコ大作戦！【マインクラフト】",1788479,4601,503,1618
"165","2iMK7lKO0_U","2016-02-02T10:46:14.000Z","【モンスト】超獣神祭でガブリエルを狙う！【セイキンゲームズ】",796200,3666,602,1232
"166","ZHuaQkIgglg","2016-01-31T08:00:00.000Z","【セイキン夫婦のマイクラ】Part17 - ポンちゃんケーキ屋を作りたい",1275247,3610,275,1072
"167","Jb0HvU_c5j8","2016-01-28T10:14:43.000Z","【マインクラフト】Part16 - 村の湧き潰しを忘れた結果・・・【セイキン夫婦のマイクラ実況】",1897100,4057,521,1620
"168","yOffQ_R8Lgc","2016-01-26T08:00:02.000Z","【セイキン夫婦のマリオパーティ10】Part2 - ワクワクパークで遊んでみた！【MARIO PARTY 10】",2823354,3708,756,672
"169","tkzDgqmAG8M","2016-01-24T14:43:40.000Z","【マインクラフト】Part15 - ブタに乗って探検してたら村発見！【セイキン夫婦のマイクラ実況】",1255082,3634,253,1161
"170","oPCXty2bj4Q","2016-01-22T09:00:01.000Z","【さんすま】大英雄祭30連ガチャ！そしてあの武将を英雄化！【セイキンゲームズ】",156484,488,96,136
"171","vZ7Hru4a0Nw","2016-01-20T12:24:00.000Z","【マインクラフト】本編Part14 - アイアンゴーレム強っっっ！！【セイキン夫婦のマイクラ実況】",1804382,4537,340,1241
"172","K-SQ2SukH8I","2016-01-17T10:52:43.000Z","【セイキン夫婦のマリオパーティ10】Part1 - マリオパーティ10に初挑戦！【MARIO PARTY 10】",1888760,4111,442,1052
"173","Lbmg8rLNyQE","2016-01-16T03:00:00.000Z","【セイキンのスプラトゥーン】 Part3 / スプラシューターコラボでスーパーショットをキメろ！【Splatoon】",1678357,3711,460,2762
"174","RG9oqXFcdaY","2016-01-14T11:24:33.000Z","【マインクラフト】本編Part13 - 猫を探して飼う！【セイキン夫婦のマイクラ実況】",1366500,4497,268,1195
"175","P-wj_nduMmo","2016-01-12T08:00:00.000Z","【セイキンのスプラトゥーン】 Part2 / 初めてジャイロ操作に挑戦！【Splatoon】",826725,2831,327,1612
"176","Q--V4FHG2tg","2016-01-09T08:34:32.000Z","【モンスト】どうもマッチショット兄弟です。イザナミにマッチショットをキメて勝利せよ！【セイキンゲームズ】",1372129,3307,948,708
"177","46scV6UMEJg","2016-01-08T11:28:18.000Z","【マインクラフト】本編Part12 - 初めての魚釣り！【セイキン夫婦のマイクラ実況】",1252049,4239,253,1391
"178","QcRnAPNYfGE","2016-01-05T10:52:13.000Z","【セイキンのスプラトゥーン】 Part1 / セイキン、スプラトゥーンデビュー！【Splatoon】",1655561,5760,690,2836
"179","apQCRT_MX1U","2016-01-02T02:57:40.000Z","【モンスト】ヒカキン、セイキン、ジジキンで超獣神祭10連！【セイキンゲームズ】",902609,4033,243,668
"180","kRxFVi8_IHw","2015-12-27T02:16:22.000Z","【モンスト】新超絶イサ゛ナミ零（ゼロ）初見プレイ！【セイキンゲームズ】",594060,2064,461,565
"181","Zz_gS8MH5o4","2015-12-19T10:40:50.000Z","【マインクラフト】本編Part11 ボートで滝つぼへダイブしてみた！【セイキン夫婦のマイクラ実況】",1944285,5597,437,1055
"182","_zI5p5jV9Ic","2015-12-11T08:59:35.000Z","【マインクラフト】本編Part10 初めてのエンチャント！そして超巨大キノコ完成！【セイキン夫婦のマイクラ実況】",1968544,5753,459,1532
"183","BXNx2d35LEw","2015-11-24T08:42:39.000Z","【マインクラフト】本編Part9 セイキン VS ポンちゃん ダイヤモンド探しバトル！【セイキン夫婦のマイクラ実況】",2187367,5240,350,1203
"184","DhXd0wbe560","2015-11-19T10:58:03.000Z","アヒルを助けるゲーム「アキュア」にヒカキン、セイキン、はじめしゃちょー、レオンチャンネルのキャラが登場！",914100,1737,187,297
"185","S-kpYzAkLmg","2015-11-13T10:32:08.000Z","【マインクラフト】本編Part8 ダイヤモンドを求めて廃坑探検！【セイキン夫婦のマイクラ実況】",1971163,4784,336,1179
"186","0hiqdNk8q8U","2015-11-03T12:57:44.000Z","3ヶ月ぶりの超獣神祭！オーブ150個全部使って30連ガチャ！大フィーバー！！！",2153642,7235,1560,1838
"187","JWIyVJg1eVs","2015-10-24T10:01:39.000Z","【マインクラフト】本編Part7 カラフル羊牧場作ってみた！【セイキン夫婦のマイクラ実況】",2088746,5125,388,1207
"188","JRPBbr02iw0","2015-10-24T04:58:42.000Z","【無限∞ナイツ】ラスボス小林幸子に挑む！！",188709,565,95,166
"189","z_JPpw__KAo","2015-10-17T04:00:00.000Z","【超リアル】次世代ゲーム3Dエンジンから生まれた「太極パンダ」に挑戦！！",111001,471,71,97
"190","3kvnenZUgqI","2015-10-07T08:34:51.000Z","【マインクラフト】本編Part6 ゾンビからニンジンとジャガイモを手に入れろ！【セイキン夫婦のマイクラ実況】",2931169,6288,701,1953
"191","n6xDvzzLkMA","2015-10-04T09:00:01.000Z","ポコダンにヒカキンとセイキンが出現！！！【ポコロンダンジョンズ】",483500,875,128,193
"192","v7nX3XsXrpo","2015-09-05T03:00:00.000Z","【マインクラフト】本編Part5 お風呂作り！【セイキン夫婦のマイクラ実況】",2619558,5528,519,1824
"193","8dXQQ5U2Rrw","2015-09-04T09:00:01.000Z","セイキンが「剣と魔法のログレス いにしえの女神」に挑戦！ 確定ガチャ回すぜ！",196991,622,125,239
"194","0n4FjPVPWSw","2015-08-23T03:00:01.000Z","【マインクラフト】本編Part4 - 家の内装作り開始！初めてのフローリングと窓作り【セイキン夫婦のマイクラ実況】",2872635,6381,593,1360
"195","OJFWCJCtnGY","2015-08-12T06:00:04.000Z","【マインクラフト】本編Part3 突然魔界への入り口が出現！？【セイキン夫婦のマイクラ実況】",2846318,5451,499,664
"196","gGVDhqMNNK8","2015-08-09T08:06:16.000Z","【マインクラフト】本編Part2 豪邸づくり開始【セイキン夫婦のマイクラ実況】",3035451,6513,521,1010
"197","7KblNDqIfpk","2015-08-02T09:17:48.000Z","【モンスト】超獣神祭！奥さんガチャでまさかのフィーバー！？【セイキンゲームズ】",2355803,6483,734,761
"198","Tq4AQUPnmuw","2015-08-02T03:00:01.000Z","【モンスト】超獣神祭！来いルシファー！！！【セイキンゲームズ】",632898,2235,244,333
"199","7NC8lNqMR54","2015-07-27T03:00:00.000Z","【マインクラフト】本編Part1 新しい世界【セイキン夫婦のマイクラ実況】",3492373,7966,551,1491
"200","w8ZJZY7rAAA","2015-07-23T09:01:23.000Z","【モンスト】クシナタ゛にイザナミ＆ギルガメッシュパーティーで挑む！【セイキンゲームズ】",580012,1643,335,371
"201","8Cy734pCF14","2015-07-22T08:00:01.000Z","【マインクラフト】セイキン夫婦のマイクラ実況！練習編Part11 ダイヤ発見！【Minecraft】",2245189,4383,466,1268
"202","nZqkWuDt3Y8","2015-07-19T04:00:01.000Z","【モンスト】ストリートファイターカ゛チャ！オーブ全部使ってリュウ狙う！【セイキンゲームズ】",670379,2187,388,409
"203","F_LZjSb0-YE","2015-07-18T04:00:00.000Z","【マインクラフト】セイキン夫婦のマイクラ実況！練習編Part10 エンダーマン現る 【Minecraft】",1386704,3026,346,876
"204","CoEgsMvGNz4","2015-07-11T04:00:00.000Z","【マインクラフト】セイキン夫婦のマイクラ実況！練習編Part9 洞窟探検へGO！【Minecraft】",1625301,3331,349,445
"205","E7lbGNI8j24","2015-07-09T07:00:00.000Z","【マインクラフト】セイキン夫婦のマイクラ実況！練習編Part8  村を囲え！【Minecraft】",1348707,2727,260,545
"206","hFY-U6lTDSI","2015-07-08T08:59:32.000Z","ヒカキンVSセイキン！負けたほうが罰ゲーム！【アングリーバードファイト！】",252195,761,57,65
"207","_PK_OZC7tKE","2015-07-05T08:41:13.000Z","【マインクラフト】セイキン夫婦のマイクラ実況！練習編Part7 村発見！【セイキンゲームズ】",1786165,3408,383,788
"208","m3-R9wwvVag","2015-07-03T07:00:00.000Z","【マインクラフト】セイキン夫婦のマイクラ実況！練習編Part6 小麦収穫⇒ハ゜ン作り！【Minecraft】",1582512,3713,254,1291
"209","FxPa_JIcrUY","2015-07-04T04:00:01.000Z","初心者がいきなり30連ガチャ引いてみた！【三国志バトルウォーズ】",160880,570,104,51
"210","r7Q_vy9eI98","2015-07-02T07:00:04.000Z","【モンスト】ヤマトタケルに攻めの勝負！【セイキンゲームズ】",373273,1374,362,123
"211","5fKfr3rN2sY","2015-06-30T09:00:01.000Z","【モンスト】超獣神祭！新キャラ卑弥呼カモン！【セイキンゲームズ】",607913,2013,248,224
"212","HxvpKk0Od70","2015-06-30T08:00:01.000Z","【マインクラフト】セイキン夫婦のマイクラ実況！練習編Part5 畑作り開始！【Minecraft】",1642041,3329,228,769
"213","HQWJEuI_aTk","2015-06-27T08:00:00.000Z","【マインクラフト】セイキン夫婦のマイクラ実況！練習編Part4 オオカミのペット化に成功？【Minecraft】",1561630,3470,267,1065
"214","3QLkL8ebSpU","2015-06-26T07:00:01.000Z","【マインクラフト】セイキン夫婦のマイクラ実況！練習編Part3 野生のオオカミ捕獲！？そして村人発見！？【Minecraft】",1598692,4338,248,1612
"215","L-kZfMiReTc","2015-06-20T09:00:00.000Z","【マインクラフト】セイキン夫婦のマイクラ実況！練習編 Part2 家づくり！【Minecraft】",3365588,5960,725,1616
"216","s9JnNUFqXJA","2015-06-19T08:00:01.000Z","【マインクラフト】セイキン夫婦のマイクラ実況！練習編 Part1 二人で楽しく頑張ります！【Minecraft】",3419506,9417,706,1978
"217","JWqHfnHvvTg","2015-06-16T08:00:00.000Z","【モンスト】獣神祭！ハッピ着て引いたらまさかの！？【セイキンゲームズ】",703743,2147,258,320
"218","Zh5LyShZGbI","2015-06-12T08:00:00.000Z","【モンスト】白雪姫リホ゛ン進化させるせ゛！【セイキンゲームズ】",172729,862,124,146
"219","xIEtfFlwtv8","2015-06-05T09:00:00.000Z","【モンスト】ユメ玉ガチャでクィーンバタフライRDを狙う！【セイキンゲームズ】",726813,1640,264,253
"220","KlbDcZiB18k","2015-06-02T09:00:00.000Z","【モンスト】深夜に小声で引く超獣神祭【セイキンゲームズ】",395847,1852,113,243
"221","9gg2zoQSjFA","2015-05-21T08:00:00.000Z","【モンスト】ト゛イツて゛獣神祭！PDS × SEIKIN【セイキンゲームズ】",382960,1729,115,168
"222","mhUB0kDQ6qU","2015-05-11T09:00:01.000Z","【モンスト】エウ゛ァカ゛チャでシンジを狙う！【セイキンゲームズ】",418867,1863,257,145
"223","Bg35gVBS8k0","2015-05-05T10:00:00.000Z","【モンスト】西郷隆盛ついに神化！【セイキンゲームズ】",213892,906,112,111
"224","egoz0jLaYuo","2015-05-04T07:26:02.000Z","【モンスト】エヴァンゲリオン第9使徒にセイキンが挑む！【セイキンゲームズ】",306694,1073,187,123
"225","Ymx3vR78kmQ","2015-05-03T10:36:40.000Z","【モンスト】嫁の実家で超獣神祭！シングル10回！【セイキンゲームズ】",661843,2690,324,256
"226","EktUfsKvjlQ","2015-04-24T09:15:16.000Z","ヒカキン、セイキン、マスオ、く゛っちて゛ LINE ケ゛ットリッチ！",704219,1359,181,138
"227","cJwQ33xrXg4","2015-04-05T03:00:00.000Z","【モンスト】クシナダと激闘！【セイキンゲームズ】",705662,2606,372,446
"228","I3SJwQ3i6ME","2015-03-31T11:26:50.000Z","【モンスト】超獣神祭！オーブ60個全部使って坂本龍馬を狙う！【セイキンゲームズ】",1794327,5520,806,846
"229","l0hpnk5FwH0","2015-03-15T09:00:03.000Z","【モンスト】ヒカキン＆セイキンて゛イサ゛ナミと激戦！【セイキンケ゛ームス゛】",757872,2185,392,326
"230","LErOZsfW6Eg","2015-03-14T08:01:45.000Z","【モンスト】ヒカキン＆セイキン VS ヤマトタケル で奇跡が起きる！？【セイキンゲームズ】",2124753,4642,673,596
"231","VnGNfra8BRQ","2015-02-21T08:59:56.000Z","セイキンが「サマナーズウォー」に挑戦！先着20万名様にシリアルコードプレゼント！【SeikinGames】",178385,655,96,78
"232","-tMY_TI0-Mw","2015-02-16T08:00:01.000Z","【モンスト】男の一発勝負！獣神祭！【モンスターストライク】",375841,1975,255,303
"233","I6WNWCs15x8","2015-02-05T09:00:00.000Z","【モンスト】超獣神祭！嫁ガチャ！えーーー！？【セイキンゲームズ】",852394,3411,294,459
"234","A9IoMi4AU_U","2015-02-04T09:00:01.000Z","【モンスト】超獣神祭！ストライク～ショッットーーー！【セイキンゲームズ】",759424,2657,200,321
"235","oQ_kABv_6jQ","2015-01-23T08:00:07.000Z","【モンスト】本気でイザナミに挑む！ついに勝利か！？【セイキンゲームズ】",1620010,6079,718,1205
"236","n28OHWU-WbA","2015-01-22T08:00:01.000Z","【モンスト】2体神化します！【セイキンゲームズ】",685933,1789,170,106
"237","ceMkTFEt3hw","2015-01-19T08:00:02.000Z","【モンスト】徳川慶喜【究極】との戦いで奇跡の生還！？【セイキンゲームズ】",625469,1691,186,173
"238","pb4r0VLe3_o","2015-01-18T03:00:03.000Z","【モンスト】獣神祭！奥さんガチャの結果は！？【セイキンゲームズ】",686648,2400,164,169
"239","ep_lzv6uuCc","2015-01-17T11:58:53.000Z","【モンスト】2015年最初の獣神祭！ウリエルを当てろ！ 【セイキンゲームズ】",263702,1383,56,88
"240","yEkEciQer7M","2015-01-14T08:00:06.000Z","【モンスト】ネロ【究極】に挑む！【セイキンケ゛ームス゛】",299755,1119,123,138
"241","4LCb3XuyzgY","2015-01-13T08:00:06.000Z","【モンスト】5体一気に進化！【セイキンゲームズ】",1184987,3022,331,407
"242","RWpvvZsx1nE","2015-01-08T08:01:34.000Z","【モンスト】ヤマトタケルとの超激戦で奇跡が！？【セイキンゲームズ】",1587382,5194,553,829
"243","UMUVOmveFz0","2015-01-05T03:00:00.000Z","【アメイシ゛ンク゛スハ゜イタ゛ーマン2】Part13 強敵フェリシアとの戦い！【セイキンゲームズ】",712149,1171,164,297
"244","WPsQ8PmfTpI","2015-01-04T11:00:57.000Z","【モンスト】ヒカキン&セイキンて゛超獣神祭！狙うはルシファー！【モンスターストライク】",1530700,3824,366,275
"245","K4UWAl3lpKQ","2014-12-14T03:00:03.000Z","【モンスト】12月の獣神祭！ウリエル、ジークフリート来い！【モンスターストライク】",432627,1589,127,174
"246","X6xLZvLVxa4","2014-12-13T04:04:46.000Z","【PS Vita】シリーズ最新作「地球防衛軍2 PORTABLE V2」が面白い！【セイキンゲームズ】",304629,965,145,195
"247","VCfRKm3cs_A","2014-12-06T03:00:05.000Z","【モンスト】あのモンスターを神化！【モンスターストライク】",644090,1516,226,116
"248","RsjmQJ2cXWI","2014-12-03T03:00:03.000Z","【モンスト】ツクヨミ【超絶】「月降る夜に永久を夢む女神」に初挑戦！【セイキンケ゛ームス゛】",536422,1377,216,262
"249","lIeB9JjyUtQ","2014-12-01T03:00:02.000Z","【モンスト】超・獣神祭て゛あのレアモンスターケ゛ット！【モンスターストライク】",804109,2366,218,247
"250","uV-DpAkct8Y","2014-11-30T03:00:03.000Z","【アメイシ゛ンク゛スハ゜イタ゛ーマン2】Part12 警察を守れ！【SeikinGames】",707119,862,100,78
"251","igt-lKa6qFU","2014-11-28T07:57:57.000Z","人気ゲーム『LINE レンシ゛ャー』に挑戦！視聴者全員にシリアルコードプレゼント！",752097,1017,180,145
"252","ylHC0r419vs","2014-11-27T03:00:49.000Z","【アメイシ゛ンク゛スハ゜イタ゛ーマン2】Part11 ロシアンギャングのアジトに忍び込み人質を救出だ！【SeikinGames】",651696,776,78,48
"253","uidck6Ia3U4","2014-11-23T03:00:01.000Z","【モンスト】闇刃ムラサメ降臨【究極】「眠りから覚めし虹睨の妖刀」に挑戦【モンスターストライク】",458657,1216,149,91
"254","cTkSKDZQPXE","2014-11-22T03:00:01.000Z","【モンスト】第二弾コ゛シ゛ラコラホ゛カ゛チャでセイキンが魅せる！？【モンスターストライク】",232732,1048,49,80
"255","0yyz7OnzjXc","2014-11-21T03:00:02.000Z","【モンスト】ヘ゛ヒーモス「究極」目指せノーコン！男の挑戦！【モンスターストライク】",256970,836,104,63
"256","OjmbC7-wh0M","2014-11-19T03:00:03.000Z","【OUTLAST】Part6 逃げる。逃げる。そして逃げる。【アウトラスト】",520690,1315,141,221
"257","clVpwUC_a88","2014-11-17T03:00:01.000Z","【モンスト】獣神祭て゛新キャラ出るか！？【モンスターストライク】",237825,1245,69,120
"258","DWhSc9OLiJM","2014-11-16T03:00:03.000Z","【モンスト】ハ゛ーニンク゛コ゛シ゛ラに初挑戦！【モンスターストライク】",209884,788,74,95
"259","Wl6kGIl05_4","2014-11-15T04:00:02.000Z","【ステラセフ゜トオンライン】Part11「最終回」アルキバ創立祭！楽しもう♪【セイキンゲームズ】",52784,280,21,29
"260","I4RmK9TfqmI","2014-11-13T03:00:02.000Z","【モンスト】ゴジラコラボ第二弾『テ゛ストロイア』に挑む！【モンスターストライク】",126178,573,50,42
"261","Yk1M9PL8CdI","2014-11-12T03:00:03.000Z","【モンスト】コ゛シ゛ラコラホ゛第二弾『ヒ゛オランテ』に挑む！【モンスターストライク】",201218,869,70,72
"262","WiYtjqZ_uQQ","2014-11-09T03:00:02.000Z","【OUTLAST】Part5 今回もヤハ゛い奴か゛たくさんいるな・・・【アウトラスト】",400914,1330,89,173
"263","fCFRQE-hsrI","2014-11-05T08:00:03.000Z","【OUTLAST】Part4 あいつはと゛こまて゛も追ってくる・・・【アウトラスト】",309884,1258,61,141
"264","jTzK6NG4NKA","2014-11-03T11:02:49.000Z","【モンスト】カメラマンの超獣神祭！今回は何が出る！？【モンスターストライク】",194571,1175,61,261
"265","hbiVjYIoGuk","2014-11-01T03:00:02.000Z","【OUTLAST】Part3 ジェネレータを再起動せよ！地下のこん棒野郎から逃げ切れるか！？【アウトラスト】",284862,1229,47,129
"266","7UJ-6GnrCys","2014-10-31T09:35:05.000Z","【モンスト】超獣神祭！２回勝負！結果は？【モンスターストライク】",223003,1137,78,256
"267","h0-ZJdp4gGI","2014-10-31T08:00:01.000Z","【モンスト】セイキンの大感謝カ゛チャ！レアキャラは当たったのか！？【モンスターストライク】",408212,1174,75,164
"268","PzfsINg772Q","2014-10-30T08:00:02.000Z","【モンスト】セイキンか゛初の「英雄の神殿」に挑戦【モンスターストライク】",157133,592,20,51
"269","zKBWrqDFQXE","2014-10-28T08:00:04.000Z","【アメイシ゛ンク゛スハ゜イタ゛ーマン2】Part10 劇場に忍ひ゛込み悪事を暴くそ゛！【セイキンゲームズ】",978831,1032,131,77
"270","E5Lgorx6dHM","2014-10-26T08:00:03.000Z","【OUTLAST】Part2 精神病院から逃げろ！セキュリティコントロールにアクセスし、メインドアを解除せよ！【アウトラスト】",403286,1490,51,117
"271","BLfQSJ5omTY","2014-10-26T03:00:04.000Z","【モンスト】カメラマンの極祭１発勝負！【モンスターストライク】",162677,878,48,93
"272","6hpRgLEF8fg","2014-10-25T06:00:03.000Z","【OUTLAST】Part1 セイキンが最恐のサバイバルホラーに挑戦！【アウトラスト】",982950,2689,163,401
"273","Mpc_iTfEWX0","2014-10-25T03:00:02.000Z","【モンスト】初めての極祭(きわみまつり)！レアキャラは当たるのか！？【モンスターストライク】",344641,1412,98,177
"274","9Esy1XdFlEk","2014-10-25T04:00:01.000Z","【ステラセプトオンライン】Part11 ハロウィンなのでパンプキンになってみたよ！【SeikinGames】",22791,137,6,8
"275","meVV-AA2fKA","2014-10-17T08:00:01.000Z","【モンスト】あいつを神化合体する時がきた！【モンスターストライク】",722532,1581,136,100
"276","h9vP69mSZSc","2014-10-14T08:00:01.000Z","【モンスト】獣神祭！男の3本勝負！【モンスターストライク】",226239,1418,75,107
"277","Ec3TkO75lA4","2014-10-13T04:00:01.000Z","【閲覧注意】怖すき゛るホラーケ゛ーム「P.T. 」目指せクリア！【後編】",1770813,4564,633,981
"278","j4ChLxPgjwc","2014-10-12T04:00:00.000Z","【閲覧注意】怖すぎると話題のホラーゲーム「P.T.」でクリアを目指す【前編】",4731745,8930,1533,1148
"279","LoW4ETyeIAY","2014-10-11T04:00:01.000Z","【ステラセフ゜トオンライン】Part10 優秀な戦士になるべく昇級試験受けるぜ！【セイキンゲームズ】",35843,167,13,41
"280","RjYxRQxzsps","2014-10-09T08:00:01.000Z","【アメイジングスパイダーマン2】Part9 キ゛ャンク゛集団と激しく格闘！【セイキンゲームズ】",879576,999,143,108
"281","lNXzbfAejFU","2014-10-06T08:00:01.000Z","【アメイジングスパイダーマン2】Part8 スパイディ、ブラックスーツGET！【セイキンゲームズ】",1297106,1309,212,130
"282","cLUvNCdVdd0","2014-10-05T03:00:01.000Z","【アメイジングスパイダーマン2】Part7　最強のハンターと手を組むぜ！【セイキンゲームズ】",478617,861,95,116
"283","KQ9vi-OtwNE","2014-10-04T08:24:18.000Z","【モンスト】カメラマンの超獣神祭10連＋シングル6回！キター！3体のレアモンスターケ゛ット！",642539,2220,196,328
"284","NxrMHOz4qA0","2014-10-03T08:00:02.000Z","【モンスト】超獣神祭で神引き！【セイキンゲームズ】",344967,1925,131,227
"285","qzLULf4EXQ0","2014-10-02T10:00:01.000Z","【LINE ステージ】挑戦状 受けて立つぜ！ヒカキン VS セイキン",629781,1837,131,104
"286","42Up_nd8xx8","2014-09-30T10:30:01.000Z","【アメイジングスパイダーマン2】Part6 新必殺技！サイズミック・ブラスト！【セイキンゲームズ】",902311,1158,171,92
"287","78FvIKMEy8s","2014-09-27T03:00:02.000Z","【モンスト】「モンハンコラボ」ジンオウガに挑む！【セイキンゲームズ】",374350,1203,102,123
"288","ED_y-7eTtLU","2014-09-26T08:00:01.000Z","【モンスト】カメラマンとマルチプレイでタイタニアト゛ラコ゛ン降臨に挑む！【セイキンゲームズ】",192380,839,57,56
"289","Bnq8sPxt4_o","2014-09-23T03:00:01.000Z","【アメイシ゛ンク゛スハ゜イタ゛ーマン2】Part5 スパイダーマンがスパイダーマンを実況プレイ！【セイキンゲームズ】",436619,935,83,100
"290","MIWqTRS0OdA","2014-09-20T04:00:01.000Z","【ステラセプトオンライン】Part9 肝試しイベントに挑戦【セイキンゲームズ】",112426,420,22,25
"291","wAh7wuz3jD8","2014-09-18T08:00:01.000Z","【アメイジングスパイダーマン2】Part4 オズコープ社に侵入し人質救出！そしてボス戦！【セイキンゲームズ】",809789,1156,184,109
"292","OKZbz27bR8Y","2014-09-17T08:00:01.000Z","【ウォッチドッグス】Part8　激しい銃撃戦！至近距離でグレネードを発射！【セイキンゲームズ】",234149,749,93,107
"293","UvvCNEkEk1E","2014-09-16T08:00:01.000Z","【アメイジングスパイダーマン2】Part3 走る車から人質を救出だ！【セイキンゲームズ】",825719,1165,144,123
"294","r_NerLHjahI","2014-09-15T03:00:01.000Z","【モンスト】リリス降臨「究極」挑む！【セイキンゲームズ】",222987,917,95,247
"295","UhTxOiBcsvM","2014-09-14T03:00:01.000Z","【モンスト】さあ獣神祭だ！果たして結果は！？【セイキンゲームズ】",220519,1265,91,194
"296","H1OEOfwy1lA","2014-09-13T04:00:01.000Z","【ステラセフ゜トオンライン】Part8　ホ゛ス倒すせ゛！【セイキンゲームズ】",38373,177,20,29
"297","SDEb6_451y8","2014-09-11T08:00:03.000Z","【モンスト】赤す゛きんノンノ進化！さらにあのモンスターをケ゛ット！？【セイキンゲームズ】",364925,1202,156,228
"298","VCmXa5JZU6A","2014-09-12T08:00:01.000Z","【アメイジングスパイダーマン2】Part2 火事の家から市民を救出！【セイキンゲームズ】",580993,1320,121,113
"299","dP67SEl0_PA","2014-09-08T09:00:02.000Z","【ウォッチト゛ック゛ス】Part7　BadBoyの正体は女!?【セイキンゲームズ】",136416,609,50,74
"300","jr2EsiNy6P4","2014-09-05T03:00:01.000Z","【アメイジング・スパイダーマン2】Part１ はじめてのスパイダーマン！【セイキンゲームズ】",1692989,3465,582,450
"301","eBlhbV-mppo","2014-09-02T09:00:01.000Z","【ウォッチドッグス】Part6　今回の仕事は運転手！お任せあれ。【セイキンゲームズ】",191925,736,50,53
"302","5oN0Pu6tmXA","2014-09-01T09:00:00.000Z","【モンスト】ついについに「ウ゛ェルタ゛ンテ゛ィ」神化！【セイキンゲームズ】",419853,1462,94,237
"303","Sb58c3R8SJ0","2014-08-31T01:00:01.000Z","【モンスト】超獣神祭て゛まさかのあいつをGET！！！興奮のあまり血圧上昇【セイキンゲームズ】",1788041,5653,771,557
"304","hFeZQVnH5GU","2014-08-31T00:00:01.000Z","【モンスト】ダークドラゴン降臨【究極】「常闇の邪神」に挑む！【セイキンゲームズ】",193111,856,71,120
"305","n6qCUJDbwCs","2014-08-29T04:00:01.000Z","【ウォッチドッグス】Part５　ラリって空飛んでみた！サイケデリック【セイキンゲームズ】",213826,847,77,95
"306","UaEjnvHCEm8","2014-08-27T04:00:01.000Z","【ウォッチドッグス】Part4　ボイパやってるヤツ発見！！！【セイキンゲームズ】",267280,1096,58,138
"307","w7ZayzR-oBc","2014-08-25T03:00:00.000Z","【モンスト】Xの覚醒「命婦神 稲荷X」に挑む！初めてのエクストラステージ！【セイキンゲームズ】",278597,1052,161,207
"308","8Q0L8sggsg0","2014-08-26T04:00:00.000Z","【ウォッチドッグス】Part3　家族を狙っている犯人を追うぜ！【セイキンゲームズ】",216348,956,67,100
"309","mth0r89IKBA","2014-08-23T09:10:36.000Z","【モンスト】「霧隠才蔵」進化！【セイキンゲームズ】",232230,827,78,111
"310","HXlUwJrBuJs","2014-08-23T04:00:01.000Z","【ステラセプトオンライン】実況 Part7 チームセイキン！オンラインの仲間集めて戦ってみた！ガチャも引くぞ！【セイキンゲームズ】",43766,257,16,42
"311","gDtd8G3oNzw","2014-08-22T04:00:01.000Z","【ウォッチドッグス】Part２　警察から逃走！そして激突・・・【セイキンゲームズ】",751330,1690,268,161
"312","F08yL2eEkCc","2014-08-20T04:00:01.000Z","【モンスト】ついに「おりょう」か゛進化！【セイキンケ゛ームス゛】",433057,1691,203,318
"313","zCBUww36T_c","2014-08-19T08:00:01.000Z","【ウォッチドッグス】Part1　初めてのウォッチドッグス！【セイキンゲームズ】",463197,2151,178,315
"314","qLwwuSfbuAc","2014-08-17T03:00:01.000Z","【モンスト】獣神祭！果たして結果は！？【セイキンゲームズ】",296310,1777,92,238
"315","-PdA0BoOIXs","2014-08-17T04:00:01.000Z","セイキンのゲーム実況　バイオハザード6　Part12　最終章",664085,1924,166,394
"316","GZqG-AdJUr8","2014-08-12T04:00:01.000Z","セイキンのゲーム実況 バイオハザード6 Part11 絶体絶命のエイダとレオンとヘレナ",533892,1356,240,433
"317","eGV35mEEexo","2014-08-09T04:00:01.000Z","【ステラセプトオンライン】実況 Part6 真夏のバカンスやってみた！【セイキンゲームズ】",83927,366,31,53
"318","ry9u9bNDS0I","2014-08-07T04:00:01.000Z","【モンスト】ついにヴェルダンディ進化！【セイキンゲームズ】",618785,2095,155,363
"319","ioOAedyukwA","2014-08-04T10:00:03.000Z","セイキンのゲーム実況　バイオハザード6　Part10　クリス登場！そしてバケモノに変異したシモンズと激闘！",488425,1213,203,269
"320","40KlxJ0ai4c","2014-08-02T04:00:00.000Z","【モンスト】初めての超獣神祭でまさかのレアキャラ2体GET！【セイキンゲームズ】",1087211,4246,309,664
"321","IoLpo1xC13s","2014-07-30T14:07:38.000Z","セイキンのゲーム実況　バイオハザード6　Part9　中国でバケモノと遭遇！",626261,1200,194,235
"322","u0wDCdI9k4A","2014-07-27T04:53:50.000Z","セイキンのゲーム実況　バイオハザード6  Part8  水中で超巨大ゾンビザメと激闘",916361,1341,214,240
"323","fZFMFWEZpSk","2014-07-26T06:15:30.000Z","【モンスト】１日限定！ワンチャンスガチャ＆ボンバー祭！【セイキンゲームズ】",964337,2452,301,223
"324","3yoE5xvtc7Y","2014-07-26T04:00:01.000Z","【ステラセプトオンライン】実況Part5 女戦士続々登場！【セイキンゲームズ】",39914,146,23,21
"325","zwt0fZiOg74","2014-07-25T08:00:01.000Z","【モンスト】「大怪獣猛進撃！」ゴジラコラボに挑戦！【セイキンゲームズ】",310652,958,99,180
"326","d_mTzEypr68","2014-07-24T09:00:01.000Z","【モンスト】ドリアード上級に初挑戦！【セイキンゲームズ】",218766,849,90,154
"327","YgFZ2HZq0VM","2014-07-23T09:00:01.000Z","【モンスト】セイキン　モンスト始めました！【セイキンゲームズ】",991274,3176,340,729
"328","Y6ICCvEdeIU","2014-07-22T09:00:01.000Z","セイキンのゲーム実況  バイオハザード6  Part7  エイダ登場！変異したデボラとの戦い！",349002,914,78,173
"329","-CzeCYpEv58","2014-07-20T08:04:29.000Z","【インファマスセカンドサン】最終章 オーグスティンとの最終決戦【セイキンのゲーム実況】",322445,1890,113,235
"330","8HeoQ6B_yJ4","2014-07-19T04:00:01.000Z","【ステラセプトオンライン】実況 Part4 迷子の新人オルバース【セイキンゲームズ】",44863,161,28,46
"331","NnRFIfxBSSs","2014-07-12T04:00:00.000Z","【ステラセプトオンライン】実況 Part3 働かない戦士ウッド【セイキンゲームズ】",62790,182,23,46
"332","IkUxu7Yd-M0","2014-07-11T09:00:01.000Z","【インファマスセカンドサン】Part17 ついにコンクリートパワーGET！【セイキンのゲーム実況】",346306,1130,84,171
"333","5jgRQiAmvOg","2014-07-08T09:00:01.000Z","セイキンのゲーム実況　バイオハザード6　Part6　地下施設を調査！",400781,988,104,173
"334","dMUw8M2YU1Q","2014-07-06T03:47:25.000Z","【インファマスセカンドサン】Part16 後編 オーグスティン戦の行方は・・・ 【セイキンのゲーム実況】",248600,904,114,163
"335","S7gLEhyecBc","2014-07-05T04:00:01.000Z","【ステラセプトオンライン】実況 Part2 太古の記憶【セイキンゲームズ】",72661,275,31,60
"336","GjROvi1uLnw","2014-07-03T09:00:01.000Z","【インファマスセカンドサン】Part16前編 兄貴・・・ 【セイキンのゲーム実況】",246863,1063,65,144
"337","fZWKCKHbrqU","2014-06-30T09:00:01.000Z","セイキンのゲーム実況　バイオハザード6　Part5 バスごと谷へ転落！",397919,1083,100,159
"338","tq8aMlIvWaQ","2014-06-28T04:00:01.000Z","【ステラセプトオンライン】実況 Part1 冒険スタート！【セイキンゲームズ】",177336,683,62,113
"339","049KyHa0gI8","2014-06-26T10:00:01.000Z","【インファマスセカンドサン】Part15 ユージーンと共に【セイキンのゲーム実況】",246956,915,72,159
"340","mdumky-bTRE","2014-06-22T09:00:00.000Z","セイキンのゲーム実況　バイオハザード6　Part4　",506698,1256,301,374
"341","Rp8Ym1lJaP0","2014-06-21T09:00:00.000Z","【インファマスセカンドサン】Part14 ビデオパワーゲット！【セイキンのゲーム実況】",371628,1123,116,179
"342","RmT9LVxv0n4","2014-06-20T09:00:01.000Z","【スマホゲーム】デュエル・マスターズ エントリーゲート オブ ドラゴンサーガに挑戦！",802876,1612,240,282
"343","l46r7_sNvtw","2014-06-16T10:00:02.000Z","セイキンのゲーム実況  バイオハザード6  Part3  地下での激闘",453003,1410,125,291
"344","3S8SIcHP3bQ","2014-06-13T10:00:01.000Z","【インファマスセカンドサン】Part13 - ボス戦！ヘブンズヘルファイア！【セイキンのゲーム実況】",308338,1143,89,160
"345","aYSZRUpuoMg","2014-06-21T09:11:16.000Z","［06:モダコン4］マックスむらい、SEIKIN、瀬戸弘司がプレイ！［スマホゲーム祭］",320042,2204,185,172
"346","rtCVXnG5iAA","2014-06-11T08:00:01.000Z","セイキンのゲーム実況　バイオハザード6　Part2",722213,2218,206,341
"347","vYMhuSH-uBE","2014-06-09T08:00:00.000Z","【インファマスセカンドサン】Part12 -  空飛ぶ兄貴！【セイキンのゲーム実況】",255441,932,108,166
"348","B06eElQALvg","2014-06-08T08:00:23.000Z","セイキンのゲーム実況　バイオハザード6　Part１",1205122,4286,387,765
"349","XXNPjZtpbUQ","2014-06-06T07:00:01.000Z","【インファマスセカンドサン】Part11 - コールの遺産 最終話【セイキンのゲーム実況】",203536,900,34,93
"350","cfYUh5BhbYE","2014-06-05T07:00:01.000Z","【インファマスセカンドサン】Part10 - コールの遺産③【セイキンのゲーム実況】",212638,926,54,115
"351","Jo2JbP2fOjg","2014-06-04T07:00:01.000Z","【インファマスセカンドサン】Part9 -コールの遺産①、②【セイキンのゲーム実況】",261711,1040,71,132
"352","vX3EjjznJd0","2014-06-03T07:00:01.000Z","【インファマスセカンドサン】Part8 - 謎の天使登場!!敵か味方か!?【セイキンのゲーム実況】",278065,1035,80,179
"353","UZud9QLpCmw","2014-06-02T07:00:00.000Z","【インファマスセカンドサン】Part7 - 試されるデルシンの力【セイキンのゲーム実況】",244199,926,57,114
"354","48MEneqn7MQ","2014-06-01T04:00:01.000Z","【インファマスセカンドサン】Part6 - フェッチと麻薬撲滅！【セイキンのゲーム実況】",248541,977,137,147
"355","cYpL2IJq-0c","2014-05-31T04:00:01.000Z","【セイキンのゲーム実況】スマホゲーム『消滅都市』に初挑戦！",422508,1634,149,217
"356","gn5sVmWpToc","2014-05-30T07:00:00.000Z","【インファマスセカンドサン】Part5 - ネオンの力を持つ女 フェッチ登場！【セイキンのゲーム実況】",288082,1195,92,156
"357","pS60rKtQ5D4","2014-05-27T09:14:20.000Z","【インファマスセカンドサン】Part4 - 新たなコンジットは女!?【セイキンのゲーム実況】",320156,1213,66,97
"358","oJnV1af98w0","2014-05-26T09:58:42.000Z","【インファマスセカンドサン】Part3 - 巨大な塔を激しく破壊！【セイキンのゲーム実況】",337965,1306,130,270
"359","VRdtqiEV4Rg","2014-05-25T04:00:00.000Z","【インファマスセカンドサン】Part2 - 敵の総司令部に潜入！【セイキンのゲーム実況】",376536,1666,119,167
"360","yyhtZXcU2Lg","2014-05-23T08:00:01.000Z","【インファマスセカンドサン】 Part1 - ついにスタート！【セイキンのゲーム実況】",941729,3637,514,506
"361","iTyac3eVvJY","2014-04-30T11:00:01.000Z","【セイキンゲームズ】inFAMOUS2(インファマス2) Part23～最終章～",689997,3602,152,754
"362","pTVWL1LCTm4","2014-04-29T03:00:01.000Z","【セイキンゲームズ】inFAMOUS2(インファマス2) Part22～犠牲者の数～",175757,1229,43,113
"363","zFDeVsn3nG4","2014-04-28T11:48:58.000Z","【セイキンゲームズ】inFAMOUS2(インファマス2) Part21～悪魔～",205799,1376,82,132
"364","fILwjjEp6yY","2014-04-27T08:00:01.000Z","【セイキンゲームズ】inFAMOUS2(インファマス2) Part20～気楽なあいつ／運命との対峙～",196657,1177,42,109
"365","fR3wGqRy-bo","2014-04-26T08:00:01.000Z","【セイキンゲームズ】inFAMOUS2(インファマス2) Part19～作られたコンジット～",204308,1110,44,80
"366","buq5N3G22OM","2014-04-24T09:05:52.000Z","【セイキンゲームズ】inFAMOUS2(インファマス2) Part18～ガスワークス公園の復旧～",163386,1061,41,67
"367","-UeQpTXE-IE","2014-04-23T09:00:01.000Z","【セイキンゲームズ】inFAMOUS2(インファマス2) Part17～ビースト襲来～",193642,1128,75,91
"368","2y1fcJrcT24","2014-04-21T10:30:00.000Z","【セイキンゲームズ】inFAMOUS2(インファマス2) Part16～バートランドの正体～",190723,1175,83,116
"369","BqTQYeyitAM","2014-04-19T11:00:36.000Z","【セイキンゲームズ】inFAMOUS2(インファマス2) Part15",245820,1359,90,88
"370","7_N-MT5QHuU","2014-04-17T10:00:01.000Z","【スマホゲーム】ザ ハウス オブ ザ デッド オーバーキルやってみた！",669261,1643,172,168
"371","CpbhyrLkg3Y","2014-04-14T10:27:23.000Z","【セイキンゲームズ】inFAMOUS2 (インファマス2) Part14 ～ボス戦！ジョセフ・バートランド3世～",257575,1287,154,150
"372","GYgJUD0CEHw","2014-04-13T10:00:01.000Z","【セイキンゲームズ】inFAMOUS2(インファマス2) Part13～要塞襲撃～",172448,1083,62,94
"373","IGWoIcDceLo","2014-04-10T09:59:01.000Z","【セイキンゲームズ】inFAMOUS2(インファマス2) Part12 ～科学推進のために・生命保険・トリック写真～",194122,1064,67,88
"374","JDDvBT5ja6E","2014-04-09T09:58:39.000Z","【セイキンゲームズ】inFAMOUS2(インファマス2)Part11～パワー転送～",155771,1052,43,72
"375","uMZfZ-ENtMY","2014-04-07T10:23:50.000Z","【セイキンゲームズ】inFAMOUS2(インファマス2) Part10～昔話～",182480,1161,74,130
"376","w1Z4RkSaXr0","2014-04-06T10:00:01.000Z","【セイキンゲームズ】inFAMOUS2(インファマス2)～Part9～",187282,1192,84,128
"377","rv4adnD91hY","2014-04-05T10:00:01.000Z","【セイキンゲームズ】inFAMOUS2(インファマス2)～Part8～",182078,1247,146,226
"378","_ZprwChn_lg","2014-04-03T03:00:00.000Z","【セイキンゲームズ】inFAMOUS2(インファマス2) Part7 ～悩ましい選択～",218859,1342,72,166
"379","7ibjjNswWCQ","2014-03-31T10:00:01.000Z","【セイキンゲームズ】inFAMOUS2(インファマス2)～Part6～",232104,1383,76,175
"380","pjN2NsLRwd0","2014-03-29T03:26:58.000Z","【セイキンゲームズ】inFAMOUS2(インファマス2)Part5～またもや強敵現る～",243718,1499,120,252
"381","4roAZVHdnFM","2014-03-28T12:03:13.000Z","【セイキンケ゛ームス゛】inFAMOUS2(インファマス2)～Part4～まさかのバケモノが・・・",221593,1504,122,221
"382","MjUQ58TN5Gc","2014-03-25T02:56:24.000Z","【セイキンケ゛ームス゛】inFAMOUS2(インファマス2)～Part3～",257036,1826,106,273
"383","485g2TJQyrU","2014-03-23T11:47:19.000Z","【セイキンゲームズ】inFAMOUS2(インファマス2)～Part2～",321956,2087,142,352
"384","Zmm1-DlOzHU","2014-03-19T08:00:00.000Z","【セイキンゲームズ】inFAMOUS2(インファマス2)～Part1～",811673,4154,630,846
"385","IHp4bn9aq3E","2014-03-03T09:51:45.000Z","セイキンのゲーム実況 バイオハザード3 Part11 ～最終章～",743760,4511,314,1007
"386","n7_Z-FEZjqk","2014-03-01T10:00:01.000Z","セイキンのゲーム実況 ハ゛イオハサ゛ート゛3 Part10",384371,2580,212,367
"387","Fx51Yy3lZx4","2014-02-21T09:00:00.000Z","セイキンのゲーム実況 バイオハザード3 Part9～超巨大モンスター現る～",439513,2218,229,336
"388","RJPjtaO9550","2014-02-18T11:58:56.000Z","セイキンのゲーム実況 バイオハザード3 Part8～進化する追跡者～",406769,2364,172,277
"389","J5aspAPTFI4","2014-02-16T08:00:01.000Z","セイキンのゲーム実況 バイオハザード3 Part7 ～追跡者との激闘～",492237,3077,380,614
"390","v8VXIwKVQuc","2014-02-03T10:00:01.000Z","セイキンのゲーム実況 バイオハザード3 Part6",418273,1776,206,484
"391","CwoDb2ci_Ig","2014-01-28T10:00:01.000Z","セイキンのゲーム実況 バイオハザード3 Part5",416974,1992,151,345
"392","FJFxshtbn-k","2014-01-19T10:00:01.000Z","セイキンのゲーム実況 バイオハザード3 Part4 ～追跡者再び～",582428,2457,325,526
"393","Y2eQd6gvjsA","2014-01-09T10:00:01.000Z","セイキンのゲーム実況 バイオハザード3 Part3",639176,2768,354,676
"394","zg70usNwIb4","2014-01-05T10:00:01.000Z","セイキンのゲーム実況 バイオハザード3 Part2 ～追跡者現る～",679811,3406,397,965
"395","T05Nia0bles","2013-12-31T11:56:51.000Z","セイキンのゲーム実況 バイオハザード3  Part1",1755823,6857,1103,1719
